text,label,prediction,confidence_formal,confidence_informal
The suggestion box was utilized.,1,0,0.8308610320091248,0.16913896799087524
Targets were hit.,1,0,0.6348558664321899,0.36514410376548767
The safety inspection resulted in violations.,1,1,0.6404228210449219,0.35957714915275574
The work continues.,1,0,0.5724816918373108,0.42751839756965637
Procrastination can significantly hinder progress and productivity.,1,0,0.5745495557785034,0.4254504442214966
They changed the extra hours rules.,0,0,0.6543778777122498,0.34562215209007263
Benchmarks were useful,1,1,0.6312108039855957,0.3687891960144043
Following a skincare routine keeps the skin healthy.,1,0,0.7976921200752258,0.20230786502361298
This fix is janky as hell.,0,0,0.851854681968689,0.14814531803131104
Position is strong.,1,1,0.7698924541473389,0.23010754585266113
Quality metrics were fabricated.,1,1,0.5708364844322205,0.42916351556777954
Drinking coffee at night keeps me up all night.,0,0,0.9415969848632812,0.058403003960847855
The shift to remote work has led to significant changes in workplace dynamics.,1,0,0.6585347652435303,0.3414652347564697
The procurement process is underway.,1,1,0.7160258293151855,0.28397423028945923
Managing time wisely leads to increased productivity.,1,0,0.6718973517417908,0.3281026780605316
The moment arrives.,1,1,0.5184317827224731,0.48156818747520447
We deserve this.,0,0,0.5102777481079102,0.48972222208976746
Value is clear.,1,1,0.6293660998344421,0.3706338703632355
The road beckons.,1,0,0.8672846555709839,0.1327153742313385
They avoided the checks.,0,1,0.5330814719200134,0.46691855788230896
The concentration deepens.,1,1,0.7438165545463562,0.2561834752559662
Practicing deep breathing can improve focus and relaxation.,1,0,0.7672713398933411,0.23272867500782013
Our customers never leave.,0,0,0.6078633666038513,0.3921365737915039
The performance reviews are annual.,1,1,0.9637850522994995,0.03621497377753258
Material weaknesses were identified in audits.,1,1,0.7632519602775574,0.2367480844259262
The reputation is solid.,1,0,0.6234914064407349,0.3765086233615875
We keep the run going.,0,0,0.9263062477111816,0.07369370758533478
The new policy takes effect Monday.,1,1,0.7405814528465271,0.2594185471534729
The relationships are solid.,1,0,0.5528638958930969,0.4471361041069031
The higher-ups want more numbers—ugh.,0,1,0.8845293521881104,0.11547059565782547
The dedication is noted.,1,1,0.9868889451026917,0.013111038133502007
Brand is strong.,1,0,0.5323083996772766,0.4676916301250458
The overtime policy was revised.,1,1,0.5637837648391724,0.43621626496315
Having a hobby outside of work enriches life.,1,0,0.9633622169494629,0.0366377979516983
The reputation is solid.,1,0,0.6234914064407349,0.3765086233615875
The spirit stays strong.,1,0,0.8339887857437134,0.16601119935512543
We did something huge.,0,0,0.5116176009178162,0.48838239908218384
Let's hit it.,0,0,0.944321870803833,0.055678147822618484
We've got everything going for us.,0,0,0.6569492816925049,0.3430507183074951
Someone got extra money for good work.,0,0,0.8393484354019165,0.1606515347957611
Everything runs smoother now.,0,0,0.7045516967773438,0.29544827342033386
The subpoena requests all communications.,1,1,0.9922301769256592,0.00776980584487319
We've got more money in the bank.,0,1,0.6297053098678589,0.3702947199344635
The books balanced perfectly.,0,1,0.9578997492790222,0.04210023954510689
The copyright infringement was inadvertent.,1,0,0.8224230408668518,0.177576944231987
Hires regretted.,1,1,0.5118480920791626,0.488151878118515
Making eye contact during conversations improves communication.,1,0,0.9351307153701782,0.06486927717924118
Don’t even try hacking this.,0,0,0.6689075231552124,0.3310924768447876
Industry awards were won.,1,1,0.6797019839286804,0.3202980160713196
Suddenly it's obvious.,0,0,0.7348780632019043,0.2651219666004181
The push is on.,1,0,0.5989493727684021,0.4010505676269531
The nondisclosure agreement is enforceable.,1,1,0.9849572777748108,0.01504270639270544
Areas were labeled correctly.,0,1,0.7954403162002563,0.20455969870090485
Logistics delivered perfectly.,1,1,0.6997195482254028,0.3002804219722748
The spotlight shines.,1,0,0.6036962270736694,0.3963037133216858
Quality shone through consistently.,1,1,0.5653713345527649,0.4346286654472351
"Some online trends are fun, but some are dumb.",0,0,0.9445093274116516,0.05549061670899391
Pick certain days to clean so it’s not all at once.,0,0,0.922978401184082,0.07702164351940155
Storing emergency cash at home is a wise precaution.,1,1,0.5747207999229431,0.4252792000770569
The news said nice things about us.,0,0,0.718045711517334,0.281954288482666
Everyone else has to step up.,0,1,0.7846689224243164,0.2153310924768448
Reducing unnecessary commitments frees up valuable time.,1,0,0.677922785282135,0.32207727432250977
Risk was mitigated.,1,0,0.6409144997596741,0.3590855002403259
Yield percentages fell below targets.,1,0,0.5067381858825684,0.49326181411743164
We've got lots of new ideas coming.,0,0,0.8912454843521118,0.10875454545021057
Knock out similar tasks in one go—it’s way faster.,0,0,0.7365000247955322,0.2634999454021454
Our nerds invented cool new stuff.,0,0,0.7101716995239258,0.28982824087142944
The heuristic approach lacks rigor.,1,0,0.7979600429534912,0.20204003155231476
Systems worked,0,1,0.5683028101921082,0.43169718980789185
Full speed ahead.,0,0,0.7774686217308044,0.22253137826919556
It keeps getting better.,0,0,0.7493365406990051,0.2506633996963501
The effort commences.,1,1,0.5709211230278015,0.4290788769721985
A balanced diet contributes to overall well-being.,1,0,0.6624523401260376,0.33754763007164
Proper food storage helps prevent contamination and spoilage.,1,0,0.5847176313400269,0.41528239846229553
We never settle.,0,0,0.8234202265739441,0.1765797734260559
The benchmark results are skewed.,1,1,0.502971351146698,0.4970286786556244
The opportunity is enormous.,1,0,0.645509660243988,0.35449036955833435
Want the replay? Just ask.,0,0,0.977423369884491,0.022576602175831795
The work continues.,1,0,0.5724816918373108,0.42751839756965637
Nobody stole our special sauce.,0,0,0.8992180228233337,0.10078196972608566
Destination nears.,1,0,0.5769830942153931,0.42301690578460693
The dividend was increased.,1,1,0.6420670747756958,0.3579328656196594
Hackers got into our systems.,0,0,0.6694737672805786,0.33052629232406616
The vibe is electric.,1,0,0.9388568997383118,0.061143092811107635
Everyone got their bonus money.,0,1,0.6142793893814087,0.3857206404209137
Things stayed up,0,0,0.6727675795555115,0.32723239064216614
Effective scheduling helps optimize time usage.,1,1,0.6282579898834229,0.3717419505119324
Eating too much makes you gain weight fast.,0,0,0.8019915223121643,0.1980084627866745
The gears mesh.,1,0,0.6930098533630371,0.30699023604393005
The foundation is poured.,1,1,0.9243043661117554,0.07569561153650284
People know and trust us.,0,0,0.8447319865226746,0.15526802837848663
Everyone sees it's worth it.,0,0,0.6703270077705383,0.32967305183410645
Reporting inappropriate content helps maintain platform safety.,1,0,0.7602707743644714,0.23972924053668976
Workers got screwed.,0,0,0.7971818447113037,0.20281818509101868
The recycling program was implemented.,1,1,0.7312922477722168,0.2687077224254608
The culture improved.,1,0,0.7623566389083862,0.23764339089393616
People are getting laid off.,0,0,0.8222629427909851,0.17773699760437012
Exogenous factors influenced outcomes.,1,0,0.7564553022384644,0.24354466795921326
Using my time well means I get more done.,0,0,0.7804121375083923,0.21958784759044647
"If I put my phone down early, I sleep better.",0,0,0.8831297159194946,0.11687027662992477
Someone erased their tracks.,0,0,0.8644981980323792,0.13550181686878204
"Factories got wrecked, now shortages.",0,0,0.7560064196586609,0.2439935803413391
The method is proven.,1,1,0.8546814322471619,0.14531853795051575
We're gonna kill it.,0,0,0.8544293642044067,0.14557066559791565
The acquisition discussions have stalled.,1,0,0.6030613780021667,0.3969385623931885
They’ll charge you again if you don’t opt out.,0,0,0.7692657709121704,0.23073427379131317
A strong bio creates a good first impression.,1,1,0.5988190174102783,0.40118101239204407
This could rewrite the rules.,0,1,0.5015366673469543,0.49846333265304565
Your adherence to the protocol is mandatory.,1,1,0.9335858225822449,0.06641422212123871
They'll give more money to your causes.,0,0,0.7001485228538513,0.29985150694847107
Quality dropped,0,0,0.565463125705719,0.4345369338989258
On we go.,0,0,0.7111133933067322,0.2888866066932678
Eyes on the prize.,0,0,0.6265133023262024,0.37348672747612
The expertise is world-class.,1,1,0.7072979211807251,0.2927020788192749
Money's stuck.,0,0,0.7948638796806335,0.20513612031936646
Disaster recovery plans were untested.,1,0,0.6638149619102478,0.3361850380897522
Hackers can’t abuse this flaw anymore.,0,0,0.585280179977417,0.414719820022583
The app tracks where you are—creepy but useful.,0,0,0.8173289895057678,0.1826709657907486
The moment is here.,1,0,0.6838404536247253,0.31615951657295227
Employers should foster a culture of trust to ensure remote employees feel valued.,1,0,0.8926488757133484,0.10735107958316803
Recognition comes.,1,0,0.6174252033233643,0.38257482647895813
The spotlight shines.,1,0,0.6036962270736694,0.3963037133216858
"If you leave dishes in the sink, they’ll start smelling bad.",0,0,0.9046061038970947,0.09539394080638885
Nobody can argue we won.,0,0,0.5330113172531128,0.46698862314224243
Watch what happens next.,0,0,0.6195245385169983,0.3804754316806793
Due dates kept us focused.,0,1,0.8319697976112366,0.16803020238876343
The benefits accumulate.,1,0,0.5896040201187134,0.410396009683609
New people made us better.,0,0,0.8466326594352722,0.15336734056472778
"The more colors on your plate, the healthier your meal.",0,0,0.7943310737609863,0.20566897094249725
These numbers are all over the place.,0,0,0.8862608075141907,0.11373917758464813
The deal is sweet.,1,0,0.7411766648292542,0.2588232755661011
People are unhappier at work now.,0,0,0.783740222454071,0.21625979244709015
Performance is unparalleled.,1,0,0.6561117768287659,0.3438882529735565
Congratulations on your recent promotion.,1,1,0.8678227663040161,0.13217724859714508
Prioritizing mental well-being contributes to overall time efficiency.,1,0,0.7948299050331116,0.20517008006572723
The energy was palpable.,1,0,0.8324610590934753,0.16753897070884705
Here's when we get days off.,0,0,0.7296673059463501,0.2703326642513275
People recognize us now.,0,0,0.8052472472190857,0.19475270807743073
Setting goals provides motivation and direction.,1,1,0.6252655386924744,0.37473446130752563
Performance reviews are annual.,1,1,0.972822904586792,0.027177082374691963
We don't know how this hurts nature.,0,0,0.7919178605079651,0.20808212459087372
Looking at people when you talk to them makes a difference.,0,0,0.9600957632064819,0.039904266595840454
Washing curtains periodically removes accumulated dust and allergens.,1,0,0.6068471074104309,0.3931528925895691
Everyone's talking about it.,0,0,0.9106345772743225,0.0893654152750969
We've got the best people.,0,1,0.6014871597290039,0.3985128700733185
Decluttering spaces reduces stress and increases productivity.,1,0,0.8133069276809692,0.18669308722019196
The realignment made sense.,1,0,0.5607653260231018,0.4392346143722534
It's going viral.,0,0,0.7404627799987793,0.2595371901988983
The influence grows.,1,0,0.7086590528488159,0.2913409471511841
We're acting like we already won.,0,0,0.5648254156112671,0.4351746141910553
The effort persists.,1,0,0.6055202484130859,0.3944797217845917
Engaging in online discussions can expand knowledge.,1,0,0.856101393699646,0.14389857649803162
A good schedule keeps you from wasting time.,0,0,0.6329457759857178,0.3670542240142822
People actually like coming to work.,0,0,0.8761500716209412,0.12384996563196182
Loan terms were improved.,1,1,0.5783678293228149,0.42163217067718506
The machine hums.,1,0,0.7306576371192932,0.2693423926830292
Legumes are an excellent source of plant-based protein.,1,0,0.6320111155509949,0.36798882484436035
Economies of scale are achievable.,1,1,0.7274398803710938,0.27256011962890625
Practicing gratitude can improve overall happiness.,1,0,0.8546888828277588,0.14531107246875763
Kindly refrain from sharing confidential information externally.,1,0,0.7696354985237122,0.23036454617977142
Spending made sense,0,0,0.789082407951355,0.21091759204864502
Don’t be late with your timesheets—Friday at 12!,0,1,0.7651950716972351,0.2348048985004425
Thanks for working with us on this!,0,0,0.6547760963439941,0.34522396326065063
Nothing's missing here.,0,1,0.5023794174194336,0.4976205825805664
Infrastructure vulnerabilities were exploited maliciously.,1,0,0.5161197781562805,0.4838801920413971
We can pivot fast.,0,0,0.8196287155151367,0.18037134408950806
The success is shared.,1,0,0.7093749642372131,0.29062506556510925
Targets were hit consistently.,1,0,0.5593388676643372,0.44066110253334045
Washing produce before consumption removes pesticides.,1,1,0.5506144165992737,0.4493856430053711
The direction is certain.,1,1,0.6114648580551147,0.38853517174720764
Sharing personal information on social media can pose security risks.,1,0,0.6470033526420593,0.3529966175556183
Too much junk food can mess you up.,0,0,0.795444667339325,0.20455533266067505
The firmware update patches critical vulnerabilities.,1,1,0.6709097623825073,0.3290902376174927
The feedback is glowing.,1,0,0.6480164527893066,0.35198351740837097
We're all in this together.,0,0,0.8078254461288452,0.1921745389699936
The IT help desk was expanded.,1,1,0.5482866168022156,0.4517134130001068
The safety inspection resulted in violations.,1,1,0.6404228210449219,0.35957714915275574
You need online networking to grow your career while working remotely.,0,0,0.629205584526062,0.3707944452762604
Sedentary lifestyles contribute to health risks.,1,0,0.7947410345077515,0.20525896549224854
The engine purrs.,1,0,0.7935483455657959,0.2064516246318817
Success is guaranteed.,0,1,0.5181355476379395,0.4818645119667053
Our struggle motivates others.,0,0,0.8393872976303101,0.16061268746852875
A bunch of people are suing together.,0,0,0.6569052934646606,0.34309473633766174
Standards have slipped across departments.,1,0,0.702690839767456,0.29730913043022156
We dodged a bullet.,0,0,0.7373571395874023,0.26264289021492004
I stash an extra key so I don’t get locked out.,0,0,0.8984820246696472,0.1015179380774498
Risk assessments were delayed yet again.,1,0,0.5014187097549438,0.49858129024505615
The experience is deep.,1,0,0.565115213394165,0.4348847568035126
Values were demonstrated.,1,0,0.5737364888191223,0.4262635409832001
Nobody remembers.,0,0,0.8987643718719482,0.10123567283153534
It’s gonna rain all weekend—ugh.,0,0,0.9320336580276489,0.06796631217002869
No take-backs on train tickets.,0,1,0.6649737358093262,0.33502623438835144
The story grows.,1,0,0.7734571695327759,0.22654283046722412
The client hated our work.,0,0,0.8447731137275696,0.15522685647010803
Technical debt is mounting.,1,1,0.5501405000686646,0.44985947012901306
Tomorrow looks amazing.,0,0,0.8868851661682129,0.11311479657888412
Sorting laundry by fabric type preserves clothing quality.,1,0,0.7795104384422302,0.22048957645893097
The milestone is historic.,1,1,0.9039888978004456,0.09601107239723206
The window appears.,1,0,0.53424072265625,0.4657592177391052
Gotta clean up or the house turns into a mess.,0,0,0.8622056245803833,0.13779431581497192
Airing out rooms improves ventilation and indoor air quality.,1,0,0.7889354825019836,0.21106454730033875
Xenograft rejection rates are declining.,1,0,0.5793749690055847,0.4206250309944153
The point lands.,1,1,0.7815222144126892,0.2184777557849884
Controls worked,1,0,0.6451295614242554,0.35487043857574463
We post more online now.,0,0,0.7274968028068542,0.27250316739082336
Expertise is world-class.,1,1,0.5587448477745056,0.4412551522254944
We're not done yet.,0,0,0.7268324494361877,0.27316755056381226
They’re buying us—just waiting on the gov’s OK.,0,0,0.5187137126922607,0.48128625750541687
They'll give more money to your causes.,0,0,0.7001485228538513,0.29985150694847107
Financial controls were weak,1,0,0.7152121067047119,0.2847878932952881
Contracts breached.,1,1,0.747489333152771,0.2525106966495514
Reasons made total sense.,0,0,0.676195502281189,0.32380446791648865
I ignore posts that sound too fake to be true.,0,0,0.888727605342865,0.11127239465713501
Scheduling appointments in advance prevents last-minute stress.,1,1,0.7042341232299805,0.29576587677001953
Fish like salmon give your body healthy fats.,0,0,0.9070456027984619,0.0929543599486351
Everything ran like clockwork.,0,0,0.7001171112060547,0.2998829185962677
The employee survey results were positive.,1,0,0.5909631848335266,0.409036785364151
Compliance violations were noted,1,0,0.5607777237892151,0.43922221660614014
Reviewing schedules regularly ensures alignment with priorities.,1,1,0.7841779589653015,0.2158220112323761
Everyone knows we're the best.,0,0,0.7267236113548279,0.2732763886451721
The framework holds.,1,1,0.8778457045555115,0.12215425819158554
Liquidity ratios have deteriorated sharply.,1,1,0.5399829149246216,0.4600170850753784
Things keep getting better.,0,0,0.7814912796020508,0.21850870549678802
We got better terms on what we owe.,0,0,0.5391867756843567,0.4608131945133209
Jump through now.,0,0,0.6201969385147095,0.37980303168296814
People like it.,0,0,0.6791456937789917,0.3208543360233307
The apprenticeship pipeline was created.,1,1,0.9132564067840576,0.08674365282058716
Expectations are high.,0,1,0.6368879675865173,0.3631120026111603
We've become something new.,0,0,0.777014434337616,0.22298559546470642
We delivered,0,1,0.7790307402610779,0.22096925973892212
Direction is certain.,1,1,0.6963077783584595,0.3036922216415405
The compliance training is mandatory.,1,1,0.9876323342323303,0.012367653660476208
Please find attached the document for your review at your earliest convenience.,1,1,0.6860126256942749,0.3139874041080475
The energy is boundless.,1,0,0.9342184066772461,0.0657816231250763
People think we're smart now.,0,0,0.7709708213806152,0.22902919352054596
We're acting like we already won.,0,0,0.5648254156112671,0.4351746141910553
People with money trust us more.,0,0,0.7238271832466125,0.2761728763580322
We know everything about this.,0,0,0.6305891275405884,0.36941084265708923
The adventure persists.,1,0,0.8334172368049622,0.16658268868923187
The plan worked.,1,0,0.5905387997627258,0.4094611704349518
The move is made.,1,0,0.5102403163909912,0.4897597134113312
We didn't screw anything up.,0,0,0.7830087542533875,0.21699130535125732
Practicing mindfulness reduces stress levels.,1,0,0.8333935141563416,0.16660647094249725
Critics are raving.,0,0,0.7772426605224609,0.22275739908218384
You gotta wash your clothes often or they’ll stink.,0,0,0.924046516418457,0.07595347613096237
Your security clearance has been suspended.,1,1,0.7638742923736572,0.23612573742866516
Your expense report contains irregularities.,1,0,0.683286190032959,0.316713809967041
Omega-3 fatty acids are essential for brain health.,1,0,0.6574946045875549,0.34250539541244507
Targets were hit,1,0,0.6759013533592224,0.3240986764431
Investor confidence grew.,1,0,0.5239769816398621,0.47602298855781555
We're going for it.,0,0,0.807363748550415,0.19263619184494019
The guarantee is ironclad.,1,1,0.9212152361869812,0.07878474146127701
Cleaning pet hair frequently prevents allergies and mess.,1,0,0.8361347317695618,0.16386528313159943
Key performance indicators show improvement,1,0,0.5634353160858154,0.43656471371650696
Systems crashed when we needed them most.,0,0,0.7763612866401672,0.22363868355751038
Mixing darks and whites is a disaster.,0,0,0.614748477935791,0.385251522064209
The path becomes clear.,0,1,0.6061631441116333,0.3938369154930115
I clean up my posts so I don’t look bad later.,0,1,0.5546895861625671,0.4453103840351105
The truth emerges.,1,0,0.5252456665039062,0.47475430369377136
Payoff comes.,1,0,0.6212198734283447,0.37878018617630005
The insurance claim was denied.,1,1,0.6340795159339905,0.36592042446136475
The discrepancy was attributed to human error.,1,0,0.7265411615371704,0.2734587788581848
The variance exceeds acceptable thresholds.,1,0,0.5425369739532471,0.4574630558490753
One weirdo ruined the data.,0,0,0.8890228867530823,0.11097713559865952
We're affecting more people.,0,0,0.78413987159729,0.21586014330387115
We're gonna make bank.,0,0,0.7232391834259033,0.2767608165740967
Oversharing online can be risky.,0,0,0.8444086313247681,0.15559132397174835
Structured breaks can help refresh focus and creativity.,1,0,0.5380613207817078,0.46193861961364746
The work was straight-up bad.,0,0,0.6060811877250671,0.39391884207725525
Using time-tracking tools can provide insights into productivity.,1,1,0.7379413843154907,0.2620585858821869
The potential is unlimited.,1,0,0.7261509895324707,0.2738489508628845
We weren't watching spending,0,0,0.9268856644630432,0.07311435043811798
Key personnel departed abruptly.,1,0,0.6745348572731018,0.3254650831222534
No new hires—period.,0,1,0.8022760152816772,0.19772399961948395
Look what we got.,0,0,0.6528376936912537,0.34716230630874634
The cafeteria options were diversified.,1,0,0.6167646646499634,0.38323527574539185
We trust the process.,0,1,0.7006478905677795,0.29935216903686523
The door opens.,1,0,0.7154712080955505,0.28452885150909424
The reality sets in.,1,0,0.5645108819007874,0.43548905849456787
Spinach and kale are packed with good stuff for your body.,0,0,0.8975432515144348,0.10245674103498459
Taking short breaks during work enhances concentration.,1,0,0.7529017925262451,0.24709823727607727
Realignment made sense.,1,0,0.6965548396110535,0.3034451901912689
Expenditure was controlled,1,1,0.7399142384529114,0.26008570194244385
Working from home can feel pretty lonely sometimes.,0,0,0.9174800515174866,0.08251993358135223
Doc said drink more water.,0,0,0.9150083065032959,0.0849917083978653
The values were demonstrated.,1,1,0.5940106511116028,0.4059893786907196
The hunger is real.,0,0,0.6998438239097595,0.3001561462879181
The bar is raised.,1,1,0.8062312602996826,0.19376879930496216
We made way more than planned.,0,0,0.7408971786499023,0.25910279154777527
Our reputation spreads.,0,0,0.7871309518814087,0.2128690928220749
Greatness is expected.,1,1,0.6840584874153137,0.3159415125846863
Record is broken.,1,0,0.6506694555282593,0.3493305742740631
"If I don’t plan ahead, I end up rushing at the last second.",0,0,0.8285841941833496,0.1714158058166504
"We’re making money, but not for long.",0,0,0.7290800213813782,0.2709200084209442
Having a pet means making sure they’re happy and healthy.,0,0,0.9632614850997925,0.03673848137259483
Businesses are using cloud tech to make remote work smoother.,0,0,0.5435025691986084,0.4564974009990692
I can talk to anyone anywhere thanks to social media.,0,0,0.973120391368866,0.026879653334617615
We belong here.,0,0,0.6625751852989197,0.33742478489875793
Checking the expiration date prevents food waste.,1,0,0.584535539150238,0.4154644310474396
Practicing mindfulness can improve time awareness.,1,0,0.5797721147537231,0.42022791504859924
Our test model broke immediately.,0,0,0.508922815322876,0.49107715487480164
Method is creative.,1,1,0.8641887903213501,0.1358112096786499
Verifying information before sharing prevents misinformation.,1,1,0.6932858824729919,0.30671411752700806
That awkward retreat actually helped.,0,0,0.9318639039993286,0.06813612580299377
Standards were set,0,1,0.9360433220863342,0.06395669281482697
The workaround is inelegant.,1,0,0.8337574005126953,0.16624262928962708
The foundation is set.,1,1,0.5486940741539001,0.45130595564842224
Targets drove us,0,0,0.8954368233680725,0.10456319153308868
Having a set work spot at home helps you focus better.,0,1,0.7268272042274475,0.2731727659702301
Opponents concede.,1,1,0.6599557399749756,0.3400442898273468
The sacrifice is valued.,1,0,0.5454409122467041,0.4545590579509735
The numbers don't lie.,0,0,0.5075189471244812,0.4924810230731964
Bringing my own food is cheaper and better for me.,0,0,0.9508572220802307,0.04914282262325287
A quick walk every day is good for me.,0,0,0.9680140018463135,0.03198595717549324
We keep pushing.,0,0,0.7187280654907227,0.28127190470695496
Jurisdictional complications arose during implementation.,1,1,0.6327431797981262,0.367256760597229
The communication workshop was valuable.,1,0,0.614488959312439,0.3855110704898834
The future is now.,1,0,0.5721867680549622,0.42781326174736023
Your brain fights itself when choosing.,0,0,0.685205340385437,0.3147946894168854
Using reusable bags helps reduce environmental waste.,1,0,0.7677918672561646,0.23220808804035187
The position is dominant.,1,1,0.7054709792137146,0.2945290505886078
Our position is safe.,0,1,0.6022584438323975,0.3977415859699249
Everything points to this.,0,0,0.5745705962181091,0.42542946338653564
The finish line approaches.,1,0,0.5074214339256287,0.4925785958766937
The acquisition terms are being renegotiated,1,1,0.63397616147995,0.36602383852005005
The numbers look good.,0,1,0.7590627074241638,0.240937277674675
The capability is proven.,1,1,0.512584924697876,0.48741501569747925
The hype is real.,0,0,0.6994625329971313,0.30053749680519104
The adventure persists.,1,0,0.8334172368049622,0.16658268868923187
The contribution is acknowledged.,1,1,0.6650235056877136,0.33497652411460876
We’re out of cash—time to cut costs.,0,1,0.5274400115013123,0.47255995869636536
Excessive notifications can be distracting.,1,0,0.7166948914527893,0.2833051085472107
We own this market.,0,1,0.6146405935287476,0.38535943627357483
We've got everything going for us.,0,0,0.6569492816925049,0.3430507183074951
We’re running out of stock.,0,0,0.7239904999732971,0.2760094702243805
The foundation is poured.,1,1,0.9243043661117554,0.07569561153650284
Logistics worked,1,1,0.7673220038414001,0.23267798125743866
Fake pills worked because patients believed.,0,0,0.7630475163459778,0.23695248365402222
The hustle doesn't stop.,1,0,0.8901721239089966,0.10982786864042282
The opportunity knocks.,1,0,0.7901727557182312,0.2098272740840912
Effective communication prevents wasted time in misunderstandings.,1,0,0.6806561946868896,0.3193437457084656
Nothing can get in our way.,0,0,0.7187730073928833,0.2812270224094391
Value was added at every stage.,1,0,0.6741230487823486,0.32587698101997375
I am writing to formally invite you to my wedding.,1,1,0.9967827796936035,0.003217221237719059
Our position is safe.,0,1,0.6022584438323975,0.3977415859699249
The search continues.,0,0,0.7322349548339844,0.267765074968338
Everyone's pumped.,0,0,0.8869200348854065,0.11307995021343231
Replacing sugary drinks with water can promote better hydration.,1,0,0.7015231251716614,0.2984768748283386
Nobody comes close to us.,0,0,0.8718966841697693,0.1281033456325531
Now there's yoga at lunch.,0,0,0.9831670522689819,0.016832979395985603
The pressure builds.,1,1,0.571560263633728,0.42843979597091675
Fancy lights help you see in the dark.,0,0,0.6974179744720459,0.3025820553302765
The strategy is sound.,1,1,0.6128911375999451,0.3871088922023773
It spies on you to get smarter.,0,0,0.7499241828918457,0.2500758469104767
Working from home is way more common now because tech has improved a lot.,0,0,0.699171781539917,0.300828218460083
They made the 401k better.,0,0,0.6718063354492188,0.32819363474845886
We're late filing the money reports again.,0,1,0.6895089149475098,0.31049102544784546
We did what we said we would.,0,1,0.6651659607887268,0.3348340690135956
Nothing will stop us.,0,0,0.7491957545280457,0.25080424547195435
Others will follow our lead.,0,0,0.7295390963554382,0.270460844039917
On we go.,0,0,0.7111133933067322,0.2888866066932678
Nuts and dried fruits are excellent snacks with high nutritional value.,1,0,0.8016396164894104,0.1983603835105896
"Hurry up and deal with this, thanks!",0,0,0.8937004208564758,0.1062995195388794
We got the gold.,0,0,0.6797326803207397,0.32026731967926025
The yacht’s crew is unionized.,1,1,0.7484462261199951,0.25155380368232727
The journey continues.,1,0,0.7889732718467712,0.21102675795555115
The IPO was oversubscribed significantly.,1,1,0.5324395298957825,0.46756044030189514
Winning feels amazing.,0,0,0.8031937479972839,0.1968061923980713
No more cigarettes at work.,0,1,0.5268036127090454,0.4731963276863098
The prototype failed stress testing catastrophically.,1,1,0.821129560470581,0.17887039482593536
We spent too much,0,0,0.781758189201355,0.2182418555021286
The idea spreads.,1,0,0.8192339539527893,0.18076610565185547
The story continues.,0,0,0.7176272869110107,0.28237277269363403
Our code is a ticking time bomb.,0,0,0.6501322388648987,0.3498678207397461
Needs decreased,1,0,0.8178321123123169,0.1821679323911667
Workforce morale declined,1,0,0.808413565158844,0.19158640503883362
Shipping is still messed up,0,0,0.7157215476036072,0.2842785120010376
The indemnity clause protects both parties.,1,1,0.9851413369178772,0.014858678914606571
The culture improved.,1,0,0.7623566389083862,0.23764339089393616
Maintaining a healthy diet reduces the risk of chronic diseases.,1,0,0.6801350116729736,0.31986504793167114
Jump through now.,0,0,0.6201969385147095,0.37980303168296814
Liquidity ratios deteriorated,1,0,0.5684362053871155,0.4315638244152069
The value compounds.,1,1,0.9410992860794067,0.05890075862407684
Sustainability metrics were tracked.,1,1,0.7248207926750183,0.2751792371273041
"We’re running out of cash, fast.",0,0,0.7089425921440125,0.29105743765830994
The manufacturing defect rate is unacceptable.,1,0,0.5157264471054077,0.4842734932899475
The values were demonstrated.,1,1,0.5940106511116028,0.4059893786907196
The engine purrs.,1,0,0.7935483455657959,0.2064516246318817
Capital expenditures were deferred,1,1,0.7787520885467529,0.22124788165092468
The firmware is incompatible with legacy hardware.,1,1,0.5453851819038391,0.4546148478984833
Using the correct detergent helps preserve clothing quality.,1,0,0.7710027098655701,0.22899727523326874
Using the stairs helps me get in some exercise.,0,0,0.9531679153442383,0.04683205857872963
Keeping company info safe while working remotely is super important.,0,1,0.6251868009567261,0.3748131990432739
Trade secrets were protected.,1,1,0.5723737478256226,0.42762628197669983
It doesn't feel like a prison anymore.,0,0,0.8201485276222229,0.1798514425754547
Stocks are wild right now.,0,0,0.7138755917549133,0.2861243784427643
The inspectors found some shady stuff.,0,1,0.5923676490783691,0.40763232111930847
We can't get what we need,0,0,0.7596688866615295,0.24033117294311523
The mentorship initiative launched.,1,0,0.585999608039856,0.41400042176246643
Laundry should be done frequently to maintain hygiene and comfort.,1,0,0.8090677261352539,0.19093221426010132
Your order’s finally on the way.,0,1,0.5619914531707764,0.43800848722457886
Everyone was pumped.,0,0,0.8499406576156616,0.1500592976808548
The passion burns.,1,0,0.9335063695907593,0.0664936751127243
New version broke.,0,0,0.557336688041687,0.4426632821559906
More people hear.,0,0,0.7400232553482056,0.2599768340587616
The lightbulb goes off.,0,0,0.8049185872077942,0.19508138298988342
They stole our people.,0,0,0.7982119917869568,0.2017880231142044
The way is open.,0,0,0.7233610153198242,0.27663904428482056
Donating unused items helps those in need.,1,0,0.7999401092529297,0.2000599056482315
The champagne flows.,1,0,0.5370622277259827,0.46293774247169495
We're keeping it going.,0,0,0.8725798726081848,0.12742012739181519
The software update contains critical fixes.,1,1,0.66904217004776,0.3309578001499176
The implementation is perfect.,1,1,0.7444900274276733,0.25551000237464905
Initiatives launched,1,1,0.5055747032165527,0.4944252669811249
The influence grows.,1,0,0.7086590528488159,0.2913409471511841
Verifying information before sharing prevents misinformation.,1,1,0.6932858824729919,0.30671411752700806
It's all adding up.,0,0,0.6704635620117188,0.3295363783836365
You get judged once a year.,0,1,0.8637022972106934,0.13629767298698425
We own this now.,0,1,0.614240825176239,0.3857592046260834
Please ensure all necessary documents are submitted by Friday.,1,1,0.8585280179977417,0.1414719820022583
They copied us.,0,0,0.5676174163818359,0.4323825538158417
The benchmark is reset.,1,1,0.5721123218536377,0.4278877377510071
Leave some extra time between tasks in case things take longer.,0,0,0.7645367980003357,0.2354632169008255
Expenditure decreased,1,0,0.8565388917922974,0.1434611678123474
We collected lots of stuff for charity.,0,0,0.7426322102546692,0.2573677897453308
We're ready to build.,0,0,0.5968437790870667,0.40315622091293335
The morale was high.,1,0,0.8289692401885986,0.17103071510791779
The whistleblower complaint was substantiated.,1,1,0.7023628950119019,0.29763710498809814
Projects started smoothly.,0,1,0.543839156627655,0.4561608135700226
We can talk about it after breakfast.,0,0,0.9838634729385376,0.016136540099978447
Network expands.,1,0,0.622475802898407,0.37752416729927063
My glasses keep my eyes from getting tired.,0,0,0.7721050977706909,0.2278948724269867
Drinking a glass of water first thing in the morning hydrates the body.,1,0,0.8194248676300049,0.18057511746883392
Let others help you so you don’t have to do everything.,0,0,0.9812073111534119,0.01879267953336239
This is how we'll attack.,0,0,0.6404327750205994,0.359567254781723
Every team needs to justify their spending again.,0,1,0.502950131893158,0.49704986810684204
The hustle doesn't stop.,1,0,0.8901721239089966,0.10982786864042282
I am following up regarding your inquiry from last week.,1,0,0.6063697338104248,0.3936302661895752
The hunger is real.,0,0,0.6998438239097595,0.3001561462879181
Engaging with constructive criticism can enhance content quality.,1,0,0.9317755699157715,0.0682244524359703
"Due to unforeseen circumstances, the event has been postponed.",1,0,0.7928536534309387,0.20714639127254486
It actually happened like we wanted.,0,0,0.6176230311393738,0.3823769688606262
The clarity comes.,1,1,0.5168729424476624,0.48312699794769287
Things slipped through,0,0,0.9237723350524902,0.07622766494750977
Your test results look better!,0,0,0.5607182383537292,0.43928179144859314
People think better of us now.,0,0,0.8547265529632568,0.14527343213558197
The concept takes shape.,1,0,0.6132410168647766,0.3867590129375458
You get more time off for babies.,0,0,0.5510563850402832,0.4489435851573944
The growth is sustainable.,1,1,0.5038953423500061,0.4961046874523163
The absenteeism was reduced.,1,0,0.5848711133003235,0.4151288866996765
Raises frozen.,1,1,0.6732106804847717,0.32678934931755066
The controls were effective.,1,0,0.5589704513549805,0.4410295784473419
The client’s freaking out about deadlines.,0,0,0.783555805683136,0.2164442092180252
Streak extends.,1,0,0.6284165382385254,0.371583491563797
You still can't talk about this.,0,1,0.5539687275886536,0.44603127241134644
The wheels turn.,1,0,0.7221767902374268,0.27782323956489563
The discrepancy in the data warrants further investigation.,1,0,0.6984178423881531,0.30158212780952454
The intellectual property was infringed.,1,1,0.6027922034263611,0.3972078561782837
The change is transformative.,1,1,0.5610220432281494,0.4389779567718506
Vision was realized.,1,0,0.6886483430862427,0.31135162711143494
They changed the requirements last second.,0,1,0.676015317440033,0.32398468255996704
Our whole company is worth more now.,0,0,0.5857537388801575,0.4142462909221649
Value increased,1,0,0.5014209747314453,0.4985790550708771
Everyone's screaming with joy.,0,0,0.8583180904388428,0.14168189465999603
Too much fake sugar might not be great for you.,0,0,0.8627476096153259,0.13725242018699646
We know everything about this.,0,0,0.6305891275405884,0.36941084265708923
We're gonna make bank.,0,0,0.7232391834259033,0.2767608165740967
Expenditure was controlled tightly.,1,1,0.761538028717041,0.2384619265794754
Social media allows businesses to connect with customers directly.,1,0,0.6439403891563416,0.35605964064598083
The idea spreads.,1,0,0.8192339539527893,0.18076610565185547
We wrote up what went wrong.,0,1,0.758184015750885,0.24181601405143738
I try to swap chips for something healthier.,0,0,0.9935513734817505,0.006448663771152496
Decisions were right,0,0,0.6097782254219055,0.3902217745780945
The plagiarism detection software flagged your submission.,1,1,0.5210297703742981,0.4789702296257019
Hiring succeeded,1,1,0.7831852436065674,0.21681475639343262
Operational costs have ballooned unexpectedly.,1,0,0.565822422504425,0.43417757749557495
Working from home has totally changed how we do jobs.,0,0,0.67031329870224,0.32968670129776
The numbers don't lie.,0,0,0.5075189471244812,0.4924810230731964
Pig parts worked in a human.,0,0,0.7279578447341919,0.2720421552658081
The method is set.,1,1,0.9805189967155457,0.019481012597680092
We avoided disaster.,0,0,0.7493652701377869,0.2506347894668579
People are making it bigger.,0,0,0.8122444748878479,0.18775556981563568
We own this now.,0,1,0.614240825176239,0.3857592046260834
Cost savings were realized.,1,0,0.6464016437530518,0.35359838604927063
Everyone voted yes—shocker.,0,1,0.5777893662452698,0.4222106635570526
We're making our mark.,0,0,0.7427724003791809,0.2572275698184967
How people act online affects friendships.,0,0,0.9073408246040344,0.092659130692482
Forward is the only way.,0,1,0.5953067541122437,0.40469321608543396
The clinical trial showed promise.,1,1,0.7273023724555969,0.27269765734672546
Performance peaked this cycle.,1,0,0.5598377585411072,0.4401622712612152
Old devices can’t run the new update.,0,1,0.5627462863922119,0.43725377321243286
We convinced them.,0,0,0.6043750047683716,0.3956250250339508
The latest version is way more secure.,0,0,0.5725718140602112,0.4274281859397888
We worked out the firing money.,0,0,0.9064889550209045,0.09351101517677307
The approach is unique.,1,0,0.5966125130653381,0.4033874571323395
Don’t pile your plate too high—it’s better to eat less.,0,0,0.8766407370567322,0.12335921078920364
Critics are raving.,0,0,0.7772426605224609,0.22275739908218384
I set up posts so I don’t forget to upload.,0,1,0.719851553440094,0.2801485061645508
The impact widens.,1,0,0.7188922166824341,0.28110775351524353
This service sucks—I want my money back.,0,0,0.7696046233177185,0.23039540648460388
The numbers look good.,0,1,0.7590627074241638,0.240937277674675
All eyes are on us.,0,0,0.7443748712539673,0.2556250989437103
One-time costs blew up the budget.,0,1,0.5344160199165344,0.46558403968811035
The foundation is poured.,1,1,0.9243043661117554,0.07569561153650284
The answer is clear.,1,1,0.7488772869110107,0.25112274289131165
The new thing isn't coming out.,0,0,0.7141469717025757,0.2858530282974243
We dodged a bullet.,0,0,0.7373571395874023,0.26264289021492004
Relationships solidify.,1,0,0.6592009663581848,0.3407990038394928
"Sorry, can’t make it this time!",0,0,0.9077938795089722,0.09220613539218903
We bounced back fast.,0,0,0.7559661269187927,0.24403387308120728
The trademark application was approved.,1,1,0.841884970664978,0.15811502933502197
We own this - nobody else can use it.,0,1,0.6616508960723877,0.3383491039276123
Completing high-priority tasks in the morning can increase efficiency.,1,0,0.5320782661437988,0.46792176365852356
Fiscal year-end reconciliation remains pending approval.,1,1,0.9393410682678223,0.06065894290804863
Door opens.,1,0,0.7856336832046509,0.21436630189418793
Everyone else has to step up.,0,1,0.7846689224243164,0.2153310924768448
Everyone's in a good mood.,0,0,0.8622920513153076,0.1377079039812088
The geofencing feature is now active.,1,1,0.5851367712020874,0.4148632287979126
Everyone's pumped.,0,0,0.8869200348854065,0.11307995021343231
The gears mesh.,1,0,0.6930098533630371,0.30699023604393005
Blocking harmful accounts can enhance online safety.,1,0,0.694206953048706,0.30579307675361633
People listen to us.,0,0,0.9026808738708496,0.09731918573379517
Everything else disappears.,0,0,0.6475821137428284,0.35241788625717163
We can buy our own stock now.,0,0,0.5397560596466064,0.46024391055107117
A good caption gets more likes.,0,0,0.8129565715789795,0.18704339861869812
The greatness is expected.,1,1,0.5490347146987915,0.4509652256965637
The proof is in the pudding.,0,0,0.7012224197387695,0.29877758026123047
We’re behind on gov paperwork—again.,0,1,0.9656710028648376,0.03432900831103325
Ergonomic assessments were completed.,1,1,0.5611580610275269,0.43884190917015076
"Finally, people notice.",0,0,0.6921823024749756,0.3078176975250244
Professors finally agreed on new courses.,0,1,0.8463184237480164,0.15368160605430603
The concentration deepens.,1,1,0.7438165545463562,0.2561834752559662
The victory is collective.,1,0,0.6189382672309875,0.3810617923736572
Everyone loved the results.,0,0,0.8002451658248901,0.19975489377975464
I always rinse my veggies first.,0,0,0.9729305505752563,0.02706945315003395
They know what we gave up.,0,0,0.6361575126647949,0.3638424873352051
Standards were super helpful.,0,1,0.7440129518508911,0.2559870183467865
We fixed what was broken.,0,0,0.7607484459877014,0.23925159871578217
The wait is over.,1,1,0.5037860870361328,0.4962139129638672
The arbitration clause is binding.,1,1,0.9757940769195557,0.024205930531024933
The change takes hold.,1,1,0.5767301321029663,0.4232698380947113
One weird number ruins the average.,0,0,0.8089956045150757,0.1910044103860855
It's happening.,0,0,0.6642583012580872,0.33574166893959045
The diversity initiative launched.,1,0,0.5651533603668213,0.4348466992378235
We didn't screw anything up.,0,0,0.7830087542533875,0.21699130535125732
The value is clear.,1,1,0.646618127822876,0.353381872177124
The trade secrets were protected.,1,1,0.6146997213363647,0.38530027866363525
We're not wasting as much water.,0,0,0.7419823408126831,0.2580176293849945
The debt was refinanced advantageously.,1,1,0.8266377449035645,0.17336221039295197
Someone's questioning your spending.,0,0,0.9509905576705933,0.049009498208761215
The export license was revoked.,1,1,0.709617555141449,0.29038241505622864
Cooking meals at home promotes healthier eating habits.,1,0,0.8303178548812866,0.16968213021755219
Brown bread is way healthier than white bread.,0,0,0.7507879137992859,0.2492120862007141
The value compounds.,1,1,0.9410992860794067,0.05890075862407684
The buyout conversation stopped moving.,0,0,0.7129102349281311,0.2870897352695465
The push is on.,1,0,0.5989493727684021,0.4010505676269531
The money detectives spotted problems.,0,0,0.7470995187759399,0.25290048122406006
Yield management optimizes revenue.,1,1,0.5689404606819153,0.4310595393180847
No new employees—we’re broke.,0,0,0.6510186791419983,0.3489812910556793
The search continues.,0,0,0.7322349548339844,0.267765074968338
Conclusion is obvious.,1,1,0.5393392443656921,0.4606607258319855
The experience is deep.,1,0,0.565115213394165,0.4348847568035126
Big things are coming.,0,0,0.7187187075614929,0.2812812924385071
The vision crystallizes.,1,1,0.7139309644699097,0.2860690653324127
Too many alerts annoy me.,0,0,0.843073844909668,0.15692614018917084
Establishing a routine helps create consistency and structure.,1,1,0.8820621967315674,0.11793782562017441
I save important numbers just in case something happens.,0,1,0.8392241597175598,0.16077588498592377
Who can top this?,0,0,0.981916606426239,0.018083391711115837
Consuming excessive processed foods may lead to health complications.,1,0,0.6309865713119507,0.36901339888572693
The competition falters.,1,0,0.513301432132721,0.48669859766960144
It's getting crazy.,0,0,0.8450698256492615,0.15493011474609375
Good things keep adding up.,0,0,0.7977880835533142,0.2022118717432022
A book helps me wind down at night.,0,0,0.8745627403259277,0.12543724477291107
You have to sit through this boring training.,0,1,0.9067116975784302,0.09328829497098923
We know where we're going.,0,0,0.7211372256278992,0.27886274456977844
More people listen to us.,0,0,0.8840491771697998,0.11595086008310318
The acquisition terms were renegotiated at the eleventh hour.,1,1,0.6952499151229858,0.3047500252723694
Expenditure approval workflows were bypassed.,1,1,0.6532443165779114,0.3467556834220886
"Fix this ASAP, or I’m out.",0,0,0.7492908835411072,0.2507091164588928
Unfollowing negative influences can improve mental well-being.,1,0,0.9342621564865112,0.06573785096406937
Fiscal projections appear overly optimistic.,1,1,0.5591021180152893,0.4408979117870331
Culture improved.,1,0,0.8113049864768982,0.1886950433254242
The expectation is exceeded.,1,0,0.6825203895568848,0.31747961044311523
The tax strategy was optimized.,1,1,0.7051243782043457,0.2948755919933319
Utilizing multi-platform strategies expands audience reach.,1,0,0.5497350692749023,0.4502650201320648
Oversharing online can be risky.,0,0,0.8444086313247681,0.15559132397174835
Risks were reduced significantly.,1,0,0.553112268447876,0.4468877613544464
The noise fades.,1,0,0.6982004642486572,0.3017995357513428
Short breaks keep you from feeling exhausted.,0,0,0.8756038546562195,0.12439613789319992
The way is open.,0,0,0.7233610153198242,0.27663904428482056
Maintaining good posture prevents long-term back problems.,1,0,0.762018620967865,0.2379814237356186
It's all making sense now.,0,0,0.676447868347168,0.32355213165283203
The audit was clean and uneventful.,1,0,0.5008503794670105,0.4991496205329895
We're always getting better.,0,0,0.8670006394386292,0.13299934566020966
Setting reminders for deadlines prevents last-minute stress.,1,1,0.8147472739219666,0.18525278568267822
Notice when you work best and plan around that.,0,0,0.9151787757873535,0.0848211795091629
Too much salt isn’t good for your heart.,0,0,0.8388822078704834,0.1611177921295166
More people to fix your computer.,0,0,0.8826891779899597,0.11731085181236267
Think ahead so you don’t have to rush later.,0,0,0.8442257046699524,0.15577426552772522
We've got great connections.,0,0,0.7390428781509399,0.26095709204673767
The due diligence period has expired.,1,1,0.7212226390838623,0.2787773609161377
The standing is secure.,1,1,0.863227903842926,0.1367720663547516
People finally see what we did.,0,0,0.7314148545265198,0.26858511567115784
Confidential documents were leaked.,1,1,0.7249932289123535,0.27500680088996887
The green certification was achieved.,1,1,0.9744603037834167,0.025539657101035118
The performance reviews are annual.,1,1,0.9637850522994995,0.03621497377753258
The strategy emerges.,1,0,0.5413557291030884,0.458644300699234
Human error caused the outage.,1,0,0.6615636348724365,0.3384363353252411
"If it’s close, I just walk instead of driving.",0,0,0.9259978532791138,0.07400216162204742
The solution presents.,1,1,0.623256266117096,0.37674370408058167
A quick mop keeps the floors from getting sticky.,0,0,0.8298971056938171,0.17010290920734406
Things are different now.,0,0,0.7634173035621643,0.23658272624015808
The challenge is accepted.,1,0,0.5538355708122253,0.44616439938545227
The method is set.,1,1,0.9805189967155457,0.019481012597680092
The opponents concede.,1,1,0.6740016937255859,0.32599836587905884
Resolve is firm.,1,1,0.932084858417511,0.06791520118713379
Nothing sketchy got through.,0,0,0.6802346110343933,0.3197653591632843
We're getting known.,0,0,0.7812003493309021,0.21879971027374268
Expenditures exceeded projections significantly,1,0,0.6704288125038147,0.3295711576938629
The software update will commence at 10 PM tonight.,1,0,0.5979716777801514,0.402028352022171
The value is unbeatable.,1,0,0.6347979307174683,0.36520203948020935
The mind quiets.,1,0,0.8277302384376526,0.1722697764635086
We can pivot fast.,0,0,0.8196287155151367,0.18037134408950806
The test comes.,1,1,0.9593717455863953,0.040628254413604736
Full speed ahead.,0,0,0.7774686217308044,0.22253137826919556
The timing is ideal.,1,0,0.5479384660720825,0.4520615339279175
The network expands.,1,0,0.7048465013504028,0.2951534688472748
We know we've got this.,0,1,0.5016510486602783,0.49834898114204407
The numbers didn't add up,0,0,0.5942738652229309,0.4057261049747467
Heads up—the report’s due by Friday!,0,1,0.6165041327476501,0.38349592685699463
We're acting like we already won.,0,0,0.5648254156112671,0.4351746141910553
The case builds.,1,1,0.754040539264679,0.24595946073532104
Availability was good,0,0,0.8154661655426025,0.18453386425971985
The answer appears.,0,1,0.6412181258201599,0.3587819039821625
You can feel the excitement.,0,0,0.8721075057983398,0.12789255380630493
Competitors got our info.,0,0,0.5009679198265076,0.4990321099758148
We can talk about it after 12.,0,0,0.6114416122436523,0.38855835795402527
We made our numbers.,0,1,0.7616412043571472,0.23835879564285278
The move is made.,1,0,0.5102403163909912,0.4897597134113312
Polls and quizzes get more people to comment.,0,0,0.9027256965637207,0.09727435559034348
This is a total game-changer.,0,0,0.5799945592880249,0.4200054407119751
Growth accelerated unexpectedly.,1,0,0.5188361406326294,0.4811639189720154
Promise is fulfilled.,1,1,0.6580893993377686,0.34191060066223145
The opportunity knocks.,1,0,0.7901727557182312,0.2098272740840912
The new version patches major problems.,0,1,0.5188126564025879,0.4811873137950897
Winning feels amazing.,0,0,0.8031937479972839,0.1968061923980713
The environment was positive.,1,0,0.7317768335342407,0.2682231664657593
Check the label so you know what you're eating.,0,0,0.69084233045578,0.3091576397418976
We built something lasting.,0,1,0.7048577666282654,0.29514220356941223
We won't quit.,0,0,0.8250980973243713,0.17490185797214508
Sorry if this messes things up for you.,0,0,0.9318443536758423,0.06815557926893234
Overeating can contribute to weight gain and other health risks.,1,0,0.6927778124809265,0.3072221577167511
We're beating more competitors.,0,0,0.8308480381965637,0.16915194690227509
We won't quit.,0,0,0.8250980973243713,0.17490185797214508
A good breakfast keeps me from getting hungry too fast.,0,0,0.8782609105110168,0.12173909693956375
The service rendered was subpar.,1,0,0.6170339584350586,0.382966011762619
They admit we're better.,0,0,0.8404092788696289,0.1595907062292099
A well-planned grocery list reduces unnecessary spending.,1,1,0.7023248076438904,0.29767516255378723
Way fewer people quit.,0,0,0.7863697409629822,0.2136302888393402
There's no doubt about our path.,0,0,0.5601114630699158,0.439888596534729
Your body needs protein to fix itself.,0,1,0.5007805824279785,0.4992194175720215
The word gets out.,1,0,0.7143369317054749,0.28566306829452515
Unauthorized access to this network is prohibited.,1,1,0.5722870230674744,0.4277130365371704
You gotta use 2FA—no way around it.,0,0,0.6005843281745911,0.39941564202308655
Look how far we've come.,0,0,0.7319546937942505,0.2680453658103943
Skip useless meetings and use that time for real work.,0,0,0.5812978148460388,0.41870221495628357
"If you skip breakfast, you’ll feel sluggish all day.",0,0,0.9161734580993652,0.08382650464773178
A cleaning plan keeps chores from piling up.,0,0,0.7044371366500854,0.29556283354759216
Social media marketing enhances brand visibility.,1,0,0.6661759614944458,0.333824098110199
Companies should teach workers how to be better at remote jobs.,0,0,0.7503744959831238,0.24962545931339264
Our way works.,0,0,0.6196528077125549,0.38034725189208984
Determination is strong.,1,0,0.7282434105873108,0.2717565894126892
They stole our ideas.,0,0,0.8861400485038757,0.11385992169380188
The forensic audit uncovered discrepancies.,1,1,0.8211515545845032,0.17884844541549683
I’m prioritizing my mental well-being.,1,0,0.8640979528427124,0.13590210676193237
Online groups help me find people who get me.,0,0,0.9086646437644958,0.09133531898260117
I keep a little cash at home just in case.,0,0,0.8917284607887268,0.10827156901359558
They're still looking at shady stock moves.,0,0,0.8766669034957886,0.1233331561088562
People don't totally hate working here.,0,0,0.8662651181221008,0.13373485207557678
Taking the stairs instead of the elevator increases daily activity.,1,0,0.748731791973114,0.2512682378292084
We got way better fast.,0,0,0.8661653399467468,0.13383466005325317
The work starts.,1,1,0.624610185623169,0.37538987398147583
Having a set routine makes life easier.,0,1,0.6651194095611572,0.33488062024116516
The standing is secure.,1,1,0.863227903842926,0.1367720663547516
The path clears.,1,1,0.5256828665733337,0.4743170738220215
Qualitative insights emerged.,1,0,0.7750628590583801,0.22493717074394226
An arbitration hearing was scheduled.,1,1,0.8832501173019409,0.11674993485212326
We're on our way up.,0,0,0.7003328800201416,0.299667090177536
I use reminders so I don’t forget stuff.,0,0,0.8047232031822205,0.19527679681777954
The innovation pipeline was filled.,1,1,0.5997107625007629,0.4002892076969147
People are talking about us.,0,0,0.8674408197402954,0.13255919516086578
Planning your meals helps you eat better.,0,0,0.7404555678367615,0.2595444321632385
You’ll get paid in about a week.,0,0,0.5132953524589539,0.48670464754104614
We don't know how this hurts nature.,0,0,0.7919178605079651,0.20808212459087372
Check what you did each day to stay on track.,0,0,0.897565484046936,0.10243450105190277
They made it easier to complain.,0,0,0.8599972128868103,0.14000281691551208
Blocking harmful accounts can enhance online safety.,1,0,0.694206953048706,0.30579307675361633
Areas were right,0,0,0.5773277282714844,0.4226722717285156
The z-score indicates statistical significance.,1,1,0.7119989991188049,0.2880009710788727
They're counting how much we waste.,0,0,0.7671566009521484,0.23284339904785156
We convinced them.,0,0,0.6043750047683716,0.3956250250339508
Customer satisfaction increased.,1,0,0.6908788084983826,0.3091212213039398
The reputation scores improved.,1,0,0.604177713394165,0.39582231640815735
I’m trying not to lose it.,0,0,0.8566827178001404,0.1433172971010208
The liquidity ratios met targets.,1,1,0.749678373336792,0.25032156705856323
Identifying time-wasting activities allows for better productivity.,1,0,0.8006203770637512,0.199379563331604
The rebirth succeeds.,1,1,0.6657269597053528,0.334273099899292
It actually happened like we wanted.,0,0,0.6176230311393738,0.3823769688606262
Swap soda for water—it’s way healthier.,0,0,0.8899989128112793,0.1100010946393013
Ensure your device meets the minimum system requirements.,1,1,0.749866247177124,0.25013378262519836
I hope this email finds you well.,1,0,0.7225304245948792,0.27746957540512085
The transformation completes.,1,1,0.6374009251594543,0.36259907484054565
The proof is in the pudding.,0,0,0.7012224197387695,0.29877758026123047
Prioritizing tasks ensures that essential activities are completed first.,1,1,0.8356342315673828,0.16436569392681122
The innovation is disruptive.,1,0,0.6056955456733704,0.394304484128952
Jump through now.,0,0,0.6201969385147095,0.37980303168296814
The dress code was relaxed.,1,0,0.9513005614280701,0.04869941994547844
Someone hacked into our systems.,0,0,0.7365477085113525,0.26345229148864746
Figure out what’s wasting your time and cut it out.,0,0,0.9473199248313904,0.05268006771802902
This changes what's possible.,0,0,0.5227218270301819,0.4772781431674957
Managing finances responsibly prevents future financial stress.,1,1,0.5800297260284424,0.41997021436691284
The answer appears.,0,1,0.6412181258201599,0.3587819039821625
Ensure your software is updated to the latest version.,1,1,0.5849589705467224,0.41504108905792236
Applause rings.,1,1,0.503079891204834,0.49692007899284363
The effort persists.,1,0,0.6055202484130859,0.3944797217845917
This doesn't waste time or money.,0,0,0.7736419439315796,0.22635801136493683
Everyone gets together to hear lies once a month.,0,0,0.7656031250953674,0.23439684510231018
We've been doing this forever.,0,0,0.7295950055122375,0.27040502429008484
The achievement is monumental.,1,1,0.7495900988578796,0.25040993094444275
Innovation is disruptive.,1,0,0.5849019885063171,0.4150979518890381
The big dream actually happened.,0,0,0.6833087801933289,0.31669119000434875
We apologize for any inconvenience this may cause.,1,0,0.9119688272476196,0.08803115040063858
Can y’all keep it down? Some of us sleep!,0,0,0.9940783381462097,0.005921626929193735
Nothing distracts us.,0,1,0.5266206860542297,0.47337931394577026
It's getting harder.,0,0,0.7222264409065247,0.27777358889579773
Hiring resumed,1,1,0.6396738290786743,0.36032620072364807
We belong here.,0,0,0.6625751852989197,0.33742478489875793
The rivals retreat.,1,0,0.5351913571357727,0.46480870246887207
Quality impressed all stakeholders.,1,1,0.5094500184059143,0.49055004119873047
Benchmarking shows competitive disadvantage,1,1,0.7788439393043518,0.2211560159921646
The saga unfolds.,1,0,0.6384009718894958,0.3615990877151489
The door opens.,1,0,0.7154712080955505,0.28452885150909424
"The legal ""stop it"" letter went out.",0,1,0.9968550205230713,0.003145025111734867
We did better than anyone thought.,0,0,0.7774088978767395,0.2225911170244217
Eating protein helps you build muscle.,0,0,0.5253358483314514,0.4746640920639038
The end is in sight.,0,0,0.5648416876792908,0.43515828251838684
A big clean-up every season keeps things in check.,0,0,0.6889329552650452,0.3110671043395996
Always grinding.,0,0,0.8476318120956421,0.15236814320087433
The paperless initiative succeeded.,1,1,0.5769132971763611,0.4230867028236389
The acquisition talks have stalled.,1,0,0.5723245739936829,0.42767536640167236
Regular maintenance of household appliances prolongs their lifespan.,1,0,0.65716552734375,0.34283447265625
Back to the grind.,0,0,0.7993426322937012,0.2006574124097824
The promise stands.,1,1,0.5854743123054504,0.4145256578922272
The new thing isn't coming out anytime soon.,0,0,0.7299264669418335,0.2700735330581665
Outlook is positive.,1,0,0.7023900747299194,0.29760995507240295
These numbers are pure fantasy.,0,0,0.7025248408317566,0.2974751889705658
A smoothie is a way better snack than candy.,0,0,0.9174288511276245,0.08257114142179489
We're locked in.,0,1,0.7322835922241211,0.2677164375782013
We're making a difference.,0,0,0.7764075398445129,0.22359246015548706
The recall affects all 2023 models.,1,1,0.5847862958908081,0.4152137041091919
Documentation standards weren't met,1,1,0.9369528889656067,0.06304709613323212
I keep snacks around so I don’t crash midday.,0,0,0.9869477152824402,0.013052288442850113
Standing is excellent.,1,1,0.9635253548622131,0.03647461533546448
Attitude is unstoppable.,1,0,0.7751752138137817,0.22482477128505707
It's really happening.,0,0,0.606087327003479,0.3939126431941986
Twist the lens to make pics brighter/darker.,0,0,0.7278748154640198,0.2721251845359802
The zookeeper reported the capybara’s escape.,1,0,0.5969789624214172,0.40302106738090515
The internship program improved.,1,1,0.5311021208763123,0.46889784932136536
Surprise problems came up,0,0,0.9011924862861633,0.09880753606557846
I look at the weather so I know what to wear.,0,0,0.9976833462715149,0.0023166961036622524
"If I stay patient, things go way better.",0,0,0.7556847333908081,0.2443152517080307
I plan my posts so my page stays active.,0,0,0.6025042533874512,0.39749571681022644
We post more online now.,0,0,0.7274968028068542,0.27250316739082336
We're always getting better.,0,0,0.8670006394386292,0.13299934566020966
Nothing slows us down.,0,0,0.6049542427062988,0.3950456976890564
We can pivot fast.,0,0,0.8196287155151367,0.18037134408950806
Drinking herbal tea before bed promotes relaxation.,1,0,0.8926515579223633,0.10734836757183075
The advantage is substantial.,1,1,0.5851418375968933,0.4148581326007843
The concept takes shape.,1,0,0.6132410168647766,0.3867590129375458
Knowledge grew,1,0,0.7534336447715759,0.24656638503074646
Progress continues.,1,0,0.6785928010940552,0.3214072585105896
The environmental impact study is incomplete.,1,1,0.6727539300918579,0.32724612951278687
Please remit payment at your earliest convenience.,1,1,0.6095896363258362,0.3904104232788086
You can't get better than this.,0,0,0.6006588935852051,0.3993411064147949
Outside stuff messed with the results.,0,0,0.6798032522201538,0.3201967477798462
Eyes on the prize.,0,0,0.6265133023262024,0.37348672747612
You can wear jeans on Friday—woohoo!,0,0,0.9792559146881104,0.02074405550956726
The safety protocols were updated.,1,1,0.6902281641960144,0.309771865606308
The attitude is unstoppable.,1,0,0.8289057016372681,0.17109429836273193
They gave more time for proposals.,0,0,0.5286111831665039,0.4713888466358185
The pursuit is endless.,1,0,0.7853198647499084,0.21468010544776917
The IRS is checking our books.,0,1,0.6971153020858765,0.30288469791412354
There's more to lose.,0,0,0.7106091380119324,0.2893908619880676
Economists are panicking.,0,1,0.6902672648429871,0.30973270535469055
Can you let me know if this time works for you?,0,0,0.8510345816612244,0.14896535873413086
Deadlines missed.,1,1,0.6758420467376709,0.3241578936576843
You have to sit through this boring training.,0,1,0.9067116975784302,0.09328829497098923
The advantages stack.,1,0,0.5325003266334534,0.46749961376190186
Going to bed at a reasonable hour ensures proper rest.,1,0,0.6918692588806152,0.30813077092170715
People aren’t buying as much.,0,0,0.8725609183311462,0.12743905186653137
The proof is there.,0,1,0.8199717998504639,0.18002818524837494
We did what we're here to do.,0,0,0.5906165242195129,0.40938347578048706
Wearing blue light glasses reduces eye strain from screens.,1,0,0.6670719385147095,0.3329280912876129
Vibe was excellent.,1,0,0.950960099697113,0.04903985932469368
Doing small tasks immediately prevents clutter.,1,0,0.8261123299598694,0.17388762533664703
We’ve got backups for our backups.,0,0,0.6022995710372925,0.3977004289627075
The community outreach program expanded.,1,0,0.6199965476989746,0.3800034821033478
They finally fixed up the workplace.,0,1,0.7661699652671814,0.2338300347328186
Arguing online is fine if you’re not rude.,0,0,0.9690423011779785,0.030957704409956932
The performance improvement plan was implemented.,1,1,0.7347650527954102,0.26523494720458984
Capital expenditures were deferred indefinitely.,1,1,0.8248574137687683,0.17514263093471527
You can’t run a business here.,0,0,0.5244495272636414,0.47555041313171387
There it is.,0,0,0.5513893961906433,0.4486106336116791
Numbers are slightly less terrible.,0,0,0.6272978186607361,0.37270215153694153
The mission is clear.,1,1,0.7550880908966064,0.24491187930107117
They decided it wasn't actually bad.,0,0,0.8199760913848877,0.1800239384174347
The trial begins.,1,1,0.9002259969711304,0.09977398812770844
The quality is unmatched.,1,0,0.5107932686805725,0.4892067015171051
Clear and consistent communication is key to successful remote collaboration.,1,0,0.5568499565124512,0.44315004348754883
Market capitalization expanded.,1,0,0.5745469331741333,0.4254530668258667
Companies check their stats to see what works.,0,0,0.6210901141166687,0.3789098858833313
Assigning specific cleaning days can help distribute household tasks efficiently.,1,1,0.5004162788391113,0.49958378076553345
"Whole, unprocessed foods provide superior nutritional benefits.",1,0,0.591562807559967,0.40843719244003296
Fewer people want to quit now.,0,0,0.7433984279632568,0.25660160183906555
I use alerts so I don’t miss due dates.,0,1,0.5435829162597656,0.456417053937912
We got better deals on borrowed money.,0,0,0.7749521732330322,0.22504790127277374
This isn't just a fluke.,0,0,0.6946501731872559,0.30534982681274414
Sacrifice is valued.,1,0,0.6887444257736206,0.3112555742263794
Big company changes start soon.,0,1,0.5992446541786194,0.4007554054260254
The paperwork was sloppy,0,0,0.7932381629943848,0.20676186680793762
Everyone’s obsessed with no-carbs now.,0,0,0.8063427805900574,0.19365724921226501
The skills training was mandatory.,1,1,0.9710585474967957,0.028941432014107704
The non-compete clause is enforceable for 12 months.,1,1,0.8106061816215515,0.18939383327960968
I would like to file a formal complaint about the service.,1,1,0.9253501296043396,0.0746498852968216
Everyone agreed on the new system.,0,1,0.557431697845459,0.4425683617591858
We know how we'll do this.,0,0,0.6299511790275574,0.37004879117012024
The stock options vested.,1,1,0.9870306849479675,0.012969356030225754
